{"1": [0.022768676424973912, 0.0059281904253840525, 0.44515389203216843, 0.8951417122597398, 0.002402355812294344, 0.0], "2": [0.000645076163417729, 0.002895437026870094, 0.41152774720405905, 0.911386285027524, 0.0033396206442833734, 0.0], "3": [0.001093181627840541, 0.005373264157321152, 0.44271239698259834, 0.8966407417386125, 0.003323672453371526, 0.0]}